,Unnamed: 0,Unnamed: 0.1,m,k,model,params,rule_id,total,unique_total
0,0,0,30,5,euclidean,"{'radius': 0.17825311942959, 'dim': 1, 'space': 'uniform'}",av,1000,"{20: 231, 21: 230, 22: 253, 23: 260, 24: 265, 25: 251, 26: 276, 27: 288, 28: 293, 29: 292, 30: 280, 31: 319, 32: 304, 33: 267, 34: 310, 35: 287, 36: 296, 37: 279, 38: 322, 39: 317, 40: 319, 41: 347, 42: 320, 43: 316, 44: 356, 45: 330, 46: 358, 47: 390, 48: 353, 49: 339, 50: 363, 51: 362, 52: 336, 53: 388, 54: 355, 55: 358, 56: 345, 57: 359, 58: 397, 59: 382, 60: 385, 61: 369, 62: 414, 63: 386, 64: 363, 65: 385, 66: 378, 67: 378, 68: 389, 69: 372, 70: 409, 71: 394, 72: 376, 73: 435, 74: 387, 75: 405, 76: 403, 77: 424, 78: 425, 79: 412, 80: 430, 81: 404, 82: 450, 83: 421, 84: 405, 85: 413, 86: 429, 87: 438, 88: 428, 89: 402, 90: 433, 91: 476, 92: 424, 93: 423, 94: 420, 95: 451, 96: 474, 97: 425, 98: 442, 99: 433, 100: 444}"
1,1,1,30,5,euclidean,"{'radius': 0.17825311942959, 'dim': 1, 'space': 'uniform'}",sav,1000,"{20: 634, 21: 595, 22: 600, 23: 610, 24: 651, 25: 644, 26: 648, 27: 649, 28: 657, 29: 666, 30: 681, 31: 708, 32: 704, 33: 707, 34: 712, 35: 721, 36: 728, 37: 757, 38: 721, 39: 735, 40: 739, 41: 741, 42: 754, 43: 774, 44: 760, 45: 772, 46: 771, 47: 768, 48: 786, 49: 795, 50: 815, 51: 772, 52: 786, 53: 791, 54: 796, 55: 796, 56: 821, 57: 805, 58: 830, 59: 813, 60: 805, 61: 815, 62: 813, 63: 803, 64: 842, 65: 827, 66: 831, 67: 848, 68: 831, 69: 826, 70: 842, 71: 826, 72: 852, 73: 838, 74: 835, 75: 847, 76: 866, 77: 843, 78: 853, 79: 840, 80: 854, 81: 861, 82: 878, 83: 871, 84: 872, 85: 856, 86: 840, 87: 859, 88: 863, 89: 872, 90: 845, 91: 871, 92: 879, 93: 876, 94: 877, 95: 876, 96: 861, 97: 870, 98: 886, 99: 884, 100: 869}"
2,2,2,30,5,euclidean,"{'radius': 0.17825311942959, 'dim': 1, 'space': 'uniform'}",cc,1000,"{20: 0, 21: 0, 22: 0, 23: 0, 24: 0, 25: 0, 26: 0, 27: 0, 28: 0, 29: 0, 30: 0, 31: 0, 32: 0, 33: 0, 34: 0, 35: 0, 36: 0, 37: 0, 38: 0, 39: 0, 40: 0, 41: 0, 42: 0, 43: 0, 44: 0, 45: 0, 46: 0, 47: 0, 48: 0, 49: 0, 50: 0, 51: 0, 52: 0, 53: 0, 54: 0, 55: 0, 56: 0, 57: 0, 58: 0, 59: 0, 60: 0, 61: 0, 62: 0, 63: 0, 64: 0, 65: 0, 66: 0, 67: 0, 68: 0, 69: 0, 70: 0, 71: 0, 72: 0, 73: 0, 74: 0, 75: 0, 76: 0, 77: 0, 78: 0, 79: 0, 80: 0, 81: 0, 82: 0, 83: 0, 84: 0, 85: 0, 86: 0, 87: 0, 88: 0, 89: 0, 90: 0, 91: 0, 92: 0, 93: 0, 94: 0, 95: 0, 96: 0, 97: 0, 98: 0, 99: 0, 100: 0}"
3,3,3,30,5,euclidean,"{'radius': 0.17825311942959, 'dim': 1, 'space': 'uniform'}",pav,1000,"{20: 67, 21: 68, 22: 62, 23: 79, 24: 70, 25: 67, 26: 76, 27: 95, 28: 80, 29: 100, 30: 83, 31: 93, 32: 95, 33: 112, 34: 111, 35: 116, 36: 119, 37: 104, 38: 122, 39: 106, 40: 131, 41: 145, 42: 119, 43: 146, 44: 135, 45: 159, 46: 125, 47: 143, 48: 132, 49: 153, 50: 178, 51: 159, 52: 165, 53: 154, 54: 169, 55: 164, 56: 148, 57: 191, 58: 176, 59: 183, 60: 187, 61: 169, 62: 179, 63: 200, 64: 167, 65: 190, 66: 184, 67: 221, 68: 215, 69: 182, 70: 223, 71: 167, 72: 205, 73: 225, 74: 206, 75: 231, 76: 244, 77: 242, 78: 225, 79: 210, 80: 239, 81: 227, 82: 226, 83: 220, 84: 218, 85: 234, 86: 263, 87: 241, 88: 235, 89: 260, 90: 255, 91: 274, 92: 231, 93: 269, 94: 261, 95: 277, 96: 284, 97: 243, 98: 283, 99: 261, 100: 262}"
4,4,4,30,5,euclidean,"{'radius': 0.17825311942959, 'dim': 1, 'space': 'uniform'}",seqpav,1000,"{20: 54, 21: 53, 22: 47, 23: 64, 24: 59, 25: 52, 26: 58, 27: 67, 28: 58, 29: 64, 30: 64, 31: 70, 32: 72, 33: 69, 34: 81, 35: 79, 36: 77, 37: 68, 38: 74, 39: 69, 40: 89, 41: 93, 42: 88, 43: 89, 44: 85, 45: 106, 46: 94, 47: 107, 48: 92, 49: 108, 50: 122, 51: 98, 52: 96, 53: 103, 54: 115, 55: 98, 56: 98, 57: 121, 58: 111, 59: 117, 60: 109, 61: 106, 62: 124, 63: 142, 64: 132, 65: 131, 66: 110, 67: 138, 68: 122, 69: 106, 70: 134, 71: 139, 72: 126, 73: 144, 74: 135, 75: 167, 76: 156, 77: 190, 78: 135, 79: 132, 80: 149, 81: 163, 82: 170, 83: 152, 84: 153, 85: 178, 86: 172, 87: 152, 88: 172, 89: 174, 90: 163, 91: 197, 92: 153, 93: 183, 94: 188, 95: 204, 96: 211, 97: 180, 98: 196, 99: 165, 100: 202}"
5,5,5,30,5,euclidean,"{'radius': 0.17825311942959, 'dim': 1, 'space': 'uniform'}",slav,1000,"{20: 59, 21: 63, 22: 62, 23: 75, 24: 65, 25: 71, 26: 71, 27: 83, 28: 71, 29: 89, 30: 91, 31: 97, 32: 94, 33: 103, 34: 109, 35: 113, 36: 112, 37: 109, 38: 116, 39: 126, 40: 125, 41: 165, 42: 138, 43: 143, 44: 136, 45: 157, 46: 137, 47: 144, 48: 137, 49: 174, 50: 180, 51: 165, 52: 164, 53: 170, 54: 184, 55: 157, 56: 167, 57: 204, 58: 186, 59: 186, 60: 187, 61: 183, 62: 194, 63: 195, 64: 198, 65: 196, 66: 189, 67: 213, 68: 228, 69: 201, 70: 229, 71: 192, 72: 192, 73: 230, 74: 210, 75: 227, 76: 243, 77: 250, 78: 238, 79: 231, 80: 255, 81: 243, 82: 219, 83: 242, 84: 230, 85: 242, 86: 264, 87: 244, 88: 249, 89: 254, 90: 281, 91: 288, 92: 235, 93: 263, 94: 286, 95: 291, 96: 289, 97: 265, 98: 307, 99: 269, 100: 298}"
6,6,6,30,5,euclidean,"{'radius': 0.17825311942959, 'dim': 1, 'space': 'uniform'}",seqslav,1000,"{20: 46, 21: 48, 22: 49, 23: 57, 24: 42, 25: 55, 26: 48, 27: 54, 28: 54, 29: 55, 30: 57, 31: 61, 32: 67, 33: 69, 34: 72, 35: 66, 36: 78, 37: 71, 38: 76, 39: 70, 40: 88, 41: 93, 42: 90, 43: 89, 44: 78, 45: 99, 46: 95, 47: 96, 48: 93, 49: 114, 50: 117, 51: 102, 52: 98, 53: 101, 54: 113, 55: 105, 56: 100, 57: 114, 58: 109, 59: 116, 60: 124, 61: 115, 62: 116, 63: 120, 64: 147, 65: 119, 66: 115, 67: 137, 68: 133, 69: 121, 70: 133, 71: 137, 72: 138, 73: 146, 74: 149, 75: 156, 76: 163, 77: 176, 78: 175, 79: 146, 80: 162, 81: 147, 82: 151, 83: 166, 84: 163, 85: 173, 86: 166, 87: 177, 88: 170, 89: 150, 90: 201, 91: 198, 92: 157, 93: 186, 94: 187, 95: 182, 96: 208, 97: 186, 98: 206, 99: 187, 100: 201}"
7,7,7,30,5,euclidean,"{'radius': 0.17825311942959, 'dim': 1, 'space': 'uniform'}",seqphragmen,1000,"{20: 57, 21: 48, 22: 39, 23: 59, 24: 66, 25: 53, 26: 75, 27: 85, 28: 83, 29: 78, 30: 71, 31: 77, 32: 92, 33: 85, 34: 96, 35: 110, 36: 97, 37: 101, 38: 108, 39: 124, 40: 129, 41: 123, 42: 131, 43: 114, 44: 121, 45: 148, 46: 133, 47: 147, 48: 138, 49: 168, 50: 167, 51: 152, 52: 137, 53: 163, 54: 154, 55: 163, 56: 182, 57: 178, 58: 177, 59: 196, 60: 184, 61: 190, 62: 170, 63: 184, 64: 222, 65: 208, 66: 188, 67: 201, 68: 212, 69: 190, 70: 213, 71: 205, 72: 217, 73: 215, 74: 226, 75: 229, 76: 253, 77: 242, 78: 242, 79: 222, 80: 237, 81: 210, 82: 233, 83: 245, 84: 257, 85: 257, 86: 266, 87: 242, 88: 257, 89: 265, 90: 258, 91: 288, 92: 229, 93: 251, 94: 286, 95: 274, 96: 294, 97: 267, 98: 302, 99: 275, 100: 278}"
8,8,8,30,5,euclidean,"{'radius': 0.17825311942959, 'dim': 1, 'space': 'uniform'}",rule-x-phase-1,1000,"{20: 88, 21: 76, 22: 111, 23: 104, 24: 110, 25: 127, 26: 109, 27: 151, 28: 124, 29: 128, 30: 133, 31: 121, 32: 145, 33: 141, 34: 166, 35: 168, 36: 150, 37: 174, 38: 140, 39: 184, 40: 197, 41: 187, 42: 194, 43: 181, 44: 201, 45: 212, 46: 203, 47: 212, 48: 197, 49: 228, 50: 225, 51: 237, 52: 226, 53: 196, 54: 221, 55: 247, 56: 223, 57: 259, 58: 226, 59: 260, 60: 239, 61: 251, 62: 250, 63: 234, 64: 274, 65: 305, 66: 249, 67: 306, 68: 262, 69: 281, 70: 305, 71: 287, 72: 270, 73: 288, 74: 309, 75: 309, 76: 310, 77: 345, 78: 290, 79: 330, 80: 272, 81: 318, 82: 311, 83: 309, 84: 346, 85: 320, 86: 328, 87: 351, 88: 329, 89: 353, 90: 345, 91: 316, 92: 335, 93: 319, 94: 357, 95: 372, 96: 331, 97: 351, 98: 382, 99: 347, 100: 384}"
9,9,9,30,5,euclidean,"{'radius': 0.17825311942959, 'dim': 1, 'space': 'uniform'}",rule-x,1000,"{20: 45, 21: 49, 22: 47, 23: 60, 24: 57, 25: 56, 26: 69, 27: 81, 28: 72, 29: 80, 30: 79, 31: 83, 32: 94, 33: 92, 34: 105, 35: 96, 36: 95, 37: 104, 38: 100, 39: 110, 40: 120, 41: 118, 42: 120, 43: 119, 44: 123, 45: 145, 46: 125, 47: 133, 48: 128, 49: 153, 50: 141, 51: 155, 52: 150, 53: 136, 54: 163, 55: 169, 56: 152, 57: 171, 58: 154, 59: 195, 60: 158, 61: 163, 62: 166, 63: 169, 64: 207, 65: 201, 66: 176, 67: 227, 68: 203, 69: 191, 70: 230, 71: 211, 72: 217, 73: 230, 74: 232, 75: 239, 76: 249, 77: 258, 78: 218, 79: 237, 80: 214, 81: 221, 82: 231, 83: 233, 84: 253, 85: 246, 86: 243, 87: 261, 88: 242, 89: 273, 90: 257, 91: 258, 92: 255, 93: 240, 94: 286, 95: 294, 96: 275, 97: 278, 98: 310, 99: 285, 100: 295}"
10,10,10,30,5,euclidean,"{'radius': 0.0445632798573975, 'dim': 1, 'space': 'uniform'}",av,1000,"{20: 196, 21: 172, 22: 202, 23: 201, 24: 219, 25: 195, 26: 235, 27: 234, 28: 224, 29: 235, 30: 228, 31: 221, 32: 240, 33: 230, 34: 237, 35: 248, 36: 266, 37: 258, 38: 249, 39: 248, 40: 265, 41: 256, 42: 260, 43: 266, 44: 258, 45: 273, 46: 277, 47: 257, 48: 287, 49: 268, 50: 297, 51: 300, 52: 268, 53: 291, 54: 299, 55: 303, 56: 306, 57: 283, 58: 303, 59: 260, 60: 300, 61: 300, 62: 279, 63: 296, 64: 317, 65: 324, 66: 311, 67: 296, 68: 304, 69: 308, 70: 335, 71: 334, 72: 331, 73: 303, 74: 319, 75: 318, 76: 346, 77: 327, 78: 315, 79: 339, 80: 335, 81: 353, 82: 359, 83: 342, 84: 337, 85: 334, 86: 354, 87: 384, 88: 333, 89: 339, 90: 357, 91: 353, 92: 351, 93: 364, 94: 359, 95: 344, 96: 355, 97: 348, 98: 363, 99: 353, 100: 370}"
11,11,11,30,5,euclidean,"{'radius': 0.0445632798573975, 'dim': 1, 'space': 'uniform'}",sav,1000,"{20: 584, 21: 557, 22: 553, 23: 593, 24: 626, 25: 593, 26: 642, 27: 633, 28: 670, 29: 655, 30: 668, 31: 666, 32: 697, 33: 674, 34: 687, 35: 704, 36: 706, 37: 716, 38: 748, 39: 726, 40: 716, 41: 747, 42: 737, 43: 742, 44: 747, 45: 746, 46: 767, 47: 752, 48: 744, 49: 761, 50: 761, 51: 762, 52: 774, 53: 766, 54: 776, 55: 787, 56: 763, 57: 775, 58: 798, 59: 798, 60: 802, 61: 768, 62: 807, 63: 798, 64: 791, 65: 802, 66: 814, 67: 818, 68: 811, 69: 831, 70: 834, 71: 809, 72: 823, 73: 840, 74: 826, 75: 818, 76: 829, 77: 819, 78: 864, 79: 827, 80: 849, 81: 846, 82: 838, 83: 822, 84: 855, 85: 823, 86: 864, 87: 826, 88: 859, 89: 874, 90: 861, 91: 866, 92: 853, 93: 851, 94: 869, 95: 858, 96: 870, 97: 870, 98: 876, 99: 882, 100: 886}"
12,12,12,30,5,euclidean,"{'radius': 0.0445632798573975, 'dim': 1, 'space': 'uniform'}",cc,1000,"{20: 10, 21: 8, 22: 9, 23: 18, 24: 15, 25: 11, 26: 25, 27: 17, 28: 20, 29: 25, 30: 27, 31: 24, 32: 22, 33: 25, 34: 22, 35: 25, 36: 30, 37: 39, 38: 32, 39: 31, 40: 40, 41: 40, 42: 31, 43: 44, 44: 49, 45: 42, 46: 33, 47: 47, 48: 51, 49: 48, 50: 40, 51: 51, 52: 55, 53: 55, 54: 62, 55: 50, 56: 52, 57: 56, 58: 55, 59: 71, 60: 61, 61: 66, 62: 67, 63: 58, 64: 65, 65: 77, 66: 63, 67: 77, 68: 71, 69: 86, 70: 70, 71: 69, 72: 81, 73: 79, 74: 84, 75: 89, 76: 98, 77: 109, 78: 84, 79: 91, 80: 93, 81: 103, 82: 116, 83: 89, 84: 106, 85: 94, 86: 116, 87: 121, 88: 103, 89: 104, 90: 103, 91: 119, 92: 111, 93: 122, 94: 115, 95: 126, 96: 120, 97: 121, 98: 123, 99: 121, 100: 132}"
13,13,13,30,5,euclidean,"{'radius': 0.0445632798573975, 'dim': 1, 'space': 'uniform'}",pav,1000,"{20: 40, 21: 32, 22: 40, 23: 52, 24: 62, 25: 58, 26: 67, 27: 62, 28: 51, 29: 44, 30: 55, 31: 59, 32: 55, 33: 50, 34: 59, 35: 58, 36: 67, 37: 82, 38: 67, 39: 68, 40: 70, 41: 70, 42: 58, 43: 71, 44: 67, 45: 71, 46: 69, 47: 72, 48: 89, 49: 88, 50: 74, 51: 82, 52: 79, 53: 78, 54: 83, 55: 83, 56: 92, 57: 97, 58: 106, 59: 118, 60: 105, 61: 102, 62: 91, 63: 98, 64: 89, 65: 105, 66: 91, 67: 118, 68: 104, 69: 142, 70: 121, 71: 108, 72: 113, 73: 118, 74: 112, 75: 131, 76: 132, 77: 129, 78: 119, 79: 131, 80: 132, 81: 128, 82: 148, 83: 153, 84: 135, 85: 135, 86: 150, 87: 163, 88: 121, 89: 138, 90: 147, 91: 150, 92: 151, 93: 148, 94: 161, 95: 163, 96: 169, 97: 142, 98: 156, 99: 175, 100: 161}"
14,14,14,30,5,euclidean,"{'radius': 0.0445632798573975, 'dim': 1, 'space': 'uniform'}",seqpav,1000,"{20: 35, 21: 26, 22: 36, 23: 37, 24: 52, 25: 43, 26: 53, 27: 56, 28: 42, 29: 37, 30: 46, 31: 50, 32: 45, 33: 41, 34: 45, 35: 54, 36: 56, 37: 74, 38: 54, 39: 54, 40: 59, 41: 56, 42: 43, 43: 53, 44: 57, 45: 58, 46: 62, 47: 51, 48: 63, 49: 75, 50: 67, 51: 59, 52: 69, 53: 56, 54: 66, 55: 70, 56: 67, 57: 72, 58: 81, 59: 92, 60: 89, 61: 82, 62: 80, 63: 73, 64: 71, 65: 82, 66: 78, 67: 90, 68: 75, 69: 112, 70: 99, 71: 83, 72: 99, 73: 97, 74: 95, 75: 118, 76: 112, 77: 100, 78: 109, 79: 98, 80: 98, 81: 96, 82: 119, 83: 117, 84: 107, 85: 100, 86: 125, 87: 134, 88: 98, 89: 115, 90: 119, 91: 124, 92: 121, 93: 122, 94: 130, 95: 135, 96: 144, 97: 119, 98: 134, 99: 132, 100: 130}"
15,15,15,30,5,euclidean,"{'radius': 0.0445632798573975, 'dim': 1, 'space': 'uniform'}",slav,1000,"{20: 32, 21: 27, 22: 28, 23: 36, 24: 42, 25: 32, 26: 60, 27: 45, 28: 44, 29: 46, 30: 63, 31: 39, 32: 53, 33: 44, 34: 45, 35: 56, 36: 60, 37: 74, 38: 52, 39: 61, 40: 74, 41: 62, 42: 57, 43: 67, 44: 74, 45: 73, 46: 65, 47: 72, 48: 84, 49: 80, 50: 78, 51: 77, 52: 90, 53: 84, 54: 96, 55: 88, 56: 82, 57: 93, 58: 86, 59: 107, 60: 101, 61: 107, 62: 89, 63: 93, 64: 101, 65: 106, 66: 104, 67: 118, 68: 111, 69: 124, 70: 105, 71: 111, 72: 112, 73: 131, 74: 115, 75: 124, 76: 131, 77: 136, 78: 122, 79: 131, 80: 135, 81: 132, 82: 151, 83: 133, 84: 144, 85: 135, 86: 150, 87: 167, 88: 126, 89: 138, 90: 151, 91: 164, 92: 147, 93: 155, 94: 166, 95: 165, 96: 162, 97: 155, 98: 165, 99: 169, 100: 168}"
16,16,16,30,5,euclidean,"{'radius': 0.0445632798573975, 'dim': 1, 'space': 'uniform'}",seqslav,1000,"{20: 25, 21: 20, 22: 21, 23: 22, 24: 31, 25: 24, 26: 41, 27: 37, 28: 33, 29: 36, 30: 45, 31: 33, 32: 35, 33: 36, 34: 32, 35: 47, 36: 42, 37: 52, 38: 37, 39: 38, 40: 60, 41: 44, 42: 38, 43: 40, 44: 53, 45: 55, 46: 50, 47: 50, 48: 46, 49: 56, 50: 59, 51: 60, 52: 66, 53: 57, 54: 72, 55: 57, 56: 63, 57: 69, 58: 66, 59: 83, 60: 83, 61: 81, 62: 72, 63: 73, 64: 80, 65: 76, 66: 81, 67: 90, 68: 74, 69: 103, 70: 82, 71: 84, 72: 97, 73: 104, 74: 86, 75: 101, 76: 102, 77: 98, 78: 106, 79: 96, 80: 99, 81: 100, 82: 127, 83: 102, 84: 110, 85: 95, 86: 112, 87: 128, 88: 97, 89: 109, 90: 119, 91: 125, 92: 114, 93: 115, 94: 130, 95: 138, 96: 137, 97: 115, 98: 135, 99: 127, 100: 123}"
17,17,17,30,5,euclidean,"{'radius': 0.0445632798573975, 'dim': 1, 'space': 'uniform'}",seqphragmen,1000,"{20: 37, 21: 39, 22: 43, 23: 50, 24: 64, 25: 57, 26: 68, 27: 61, 28: 51, 29: 50, 30: 60, 31: 54, 32: 55, 33: 57, 34: 62, 35: 67, 36: 60, 37: 84, 38: 63, 39: 74, 40: 77, 41: 67, 42: 53, 43: 71, 44: 67, 45: 76, 46: 74, 47: 63, 48: 76, 49: 84, 50: 80, 51: 78, 52: 91, 53: 79, 54: 86, 55: 86, 56: 82, 57: 92, 58: 93, 59: 110, 60: 112, 61: 109, 62: 93, 63: 89, 64: 89, 65: 91, 66: 90, 67: 104, 68: 91, 69: 125, 70: 102, 71: 101, 72: 125, 73: 124, 74: 106, 75: 129, 76: 127, 77: 108, 78: 122, 79: 122, 80: 108, 81: 117, 82: 141, 83: 126, 84: 124, 85: 116, 86: 146, 87: 148, 88: 110, 89: 129, 90: 134, 91: 132, 92: 137, 93: 140, 94: 138, 95: 156, 96: 155, 97: 134, 98: 151, 99: 143, 100: 149}"
18,18,18,30,5,euclidean,"{'radius': 0.0445632798573975, 'dim': 1, 'space': 'uniform'}",rule-x-phase-1,1000,"{20: 545, 21: 800, 22: 750, 23: 732, 24: 690, 25: 695, 26: 879, 27: 837, 28: 835, 29: 792, 30: 761, 31: 904, 32: 882, 33: 882, 34: 853, 35: 825, 36: 947, 37: 926, 38: 928, 39: 900, 40: 894, 41: 955, 42: 956, 43: 948, 44: 924, 45: 926, 46: 967, 47: 969, 48: 953, 49: 957, 50: 959, 51: 981, 52: 974, 53: 971, 54: 969, 55: 964, 56: 994, 57: 982, 58: 981, 59: 985, 60: 980, 61: 991, 62: 992, 63: 990, 64: 984, 65: 986, 66: 990, 67: 997, 68: 985, 69: 995, 70: 992, 71: 998, 72: 990, 73: 991, 74: 993, 75: 990, 76: 997, 77: 997, 78: 995, 79: 993, 80: 996, 81: 997, 82: 998, 83: 995, 84: 998, 85: 997, 86: 998, 87: 999, 88: 998, 89: 998, 90: 998, 91: 999, 92: 998, 93: 999, 94: 999, 95: 998, 96: 999, 97: 1000, 98: 998, 99: 997, 100: 999}"
19,19,19,30,5,euclidean,"{'radius': 0.0445632798573975, 'dim': 1, 'space': 'uniform'}",rule-x,1000,"{20: 37, 21: 39, 22: 43, 23: 50, 24: 64, 25: 57, 26: 68, 27: 61, 28: 51, 29: 50, 30: 60, 31: 54, 32: 55, 33: 57, 34: 62, 35: 67, 36: 60, 37: 84, 38: 63, 39: 74, 40: 77, 41: 67, 42: 53, 43: 71, 44: 67, 45: 76, 46: 74, 47: 63, 48: 76, 49: 84, 50: 80, 51: 78, 52: 91, 53: 79, 54: 86, 55: 86, 56: 82, 57: 92, 58: 93, 59: 110, 60: 112, 61: 109, 62: 93, 63: 89, 64: 89, 65: 91, 66: 90, 67: 104, 68: 91, 69: 125, 70: 102, 71: 101, 72: 125, 73: 124, 74: 106, 75: 129, 76: 127, 77: 108, 78: 122, 79: 122, 80: 108, 81: 117, 82: 141, 83: 126, 84: 124, 85: 116, 86: 146, 87: 148, 88: 110, 89: 129, 90: 134, 91: 132, 92: 137, 93: 140, 94: 138, 95: 156, 96: 155, 97: 134, 98: 151, 99: 143, 100: 149}"
20,20,20,30,5,euclidean,"{'radius': 0.089126559714795, 'dim': 1, 'space': 'uniform'}",av,1000,"{20: 249, 21: 231, 22: 249, 23: 262, 24: 256, 25: 212, 26: 245, 27: 268, 28: 236, 29: 262, 30: 262, 31: 264, 32: 298, 33: 310, 34: 274, 35: 284, 36: 283, 37: 322, 38: 319, 39: 312, 40: 300, 41: 333, 42: 297, 43: 321, 44: 328, 45: 323, 46: 355, 47: 332, 48: 344, 49: 330, 50: 328, 51: 328, 52: 338, 53: 348, 54: 350, 55: 351, 56: 330, 57: 334, 58: 376, 59: 350, 60: 352, 61: 362, 62: 359, 63: 366, 64: 372, 65: 390, 66: 330, 67: 375, 68: 364, 69: 387, 70: 348, 71: 387, 72: 377, 73: 404, 74: 411, 75: 373, 76: 363, 77: 399, 78: 411, 79: 368, 80: 378, 81: 427, 82: 389, 83: 401, 84: 406, 85: 403, 86: 379, 87: 381, 88: 408, 89: 416, 90: 404, 91: 393, 92: 396, 93: 422, 94: 428, 95: 428, 96: 423, 97: 447, 98: 404, 99: 413, 100: 456}"
21,21,21,30,5,euclidean,"{'radius': 0.089126559714795, 'dim': 1, 'space': 'uniform'}",sav,1000,"{20: 618, 21: 622, 22: 619, 23: 671, 24: 650, 25: 686, 26: 677, 27: 706, 28: 710, 29: 693, 30: 710, 31: 735, 32: 697, 33: 731, 34: 766, 35: 758, 36: 756, 37: 753, 38: 775, 39: 760, 40: 782, 41: 769, 42: 776, 43: 783, 44: 811, 45: 797, 46: 805, 47: 819, 48: 808, 49: 811, 50: 830, 51: 817, 52: 813, 53: 827, 54: 827, 55: 818, 56: 839, 57: 835, 58: 843, 59: 834, 60: 833, 61: 835, 62: 842, 63: 836, 64: 840, 65: 866, 66: 852, 67: 853, 68: 841, 69: 863, 70: 880, 71: 862, 72: 884, 73: 869, 74: 868, 75: 860, 76: 876, 77: 868, 78: 866, 79: 872, 80: 875, 81: 881, 82: 876, 83: 877, 84: 893, 85: 871, 86: 897, 87: 883, 88: 881, 89: 893, 90: 880, 91: 888, 92: 889, 93: 897, 94: 891, 95: 895, 96: 894, 97: 893, 98: 891, 99: 898, 100: 905}"
22,22,22,30,5,euclidean,"{'radius': 0.089126559714795, 'dim': 1, 'space': 'uniform'}",cc,1000,"{20: 0, 21: 0, 22: 2, 23: 2, 24: 1, 25: 2, 26: 4, 27: 6, 28: 11, 29: 6, 30: 8, 31: 10, 32: 6, 33: 12, 34: 8, 35: 14, 36: 18, 37: 9, 38: 14, 39: 13, 40: 27, 41: 23, 42: 17, 43: 25, 44: 20, 45: 17, 46: 25, 47: 34, 48: 27, 49: 21, 50: 32, 51: 21, 52: 35, 53: 38, 54: 35, 55: 30, 56: 28, 57: 28, 58: 41, 59: 47, 60: 46, 61: 52, 62: 45, 63: 53, 64: 58, 65: 70, 66: 48, 67: 57, 68: 62, 69: 59, 70: 56, 71: 62, 72: 71, 73: 67, 74: 84, 75: 63, 76: 72, 77: 81, 78: 88, 79: 82, 80: 84, 81: 84, 82: 86, 83: 79, 84: 83, 85: 98, 86: 104, 87: 79, 88: 93, 89: 117, 90: 118, 91: 105, 92: 115, 93: 89, 94: 105, 95: 107, 96: 97, 97: 114, 98: 115, 99: 115, 100: 108}"
23,23,23,30,5,euclidean,"{'radius': 0.089126559714795, 'dim': 1, 'space': 'uniform'}",pav,1000,"{20: 47, 21: 41, 22: 33, 23: 34, 24: 40, 25: 48, 26: 46, 27: 57, 28: 66, 29: 60, 30: 54, 31: 57, 32: 60, 33: 54, 34: 59, 35: 59, 36: 55, 37: 67, 38: 69, 39: 61, 40: 77, 41: 70, 42: 87, 43: 76, 44: 75, 45: 80, 46: 102, 47: 91, 48: 77, 49: 88, 50: 97, 51: 100, 52: 94, 53: 94, 54: 92, 55: 111, 56: 102, 57: 113, 58: 90, 59: 101, 60: 102, 61: 118, 62: 132, 63: 108, 64: 120, 65: 127, 66: 125, 67: 126, 68: 121, 69: 129, 70: 136, 71: 139, 72: 147, 73: 145, 74: 138, 75: 148, 76: 154, 77: 124, 78: 158, 79: 148, 80: 149, 81: 170, 82: 158, 83: 148, 84: 150, 85: 187, 86: 166, 87: 167, 88: 162, 89: 174, 90: 170, 91: 172, 92: 172, 93: 171, 94: 178, 95: 210, 96: 203, 97: 199, 98: 191, 99: 186, 100: 180}"
24,24,24,30,5,euclidean,"{'radius': 0.089126559714795, 'dim': 1, 'space': 'uniform'}",seqpav,1000,"{20: 36, 21: 27, 22: 23, 23: 20, 24: 31, 25: 34, 26: 34, 27: 39, 28: 54, 29: 38, 30: 31, 31: 41, 32: 38, 33: 36, 34: 32, 35: 37, 36: 43, 37: 53, 38: 54, 39: 41, 40: 54, 41: 48, 42: 57, 43: 52, 44: 55, 45: 55, 46: 63, 47: 59, 48: 45, 49: 66, 50: 54, 51: 63, 52: 61, 53: 67, 54: 59, 55: 64, 56: 74, 57: 65, 58: 58, 59: 66, 60: 79, 61: 69, 62: 71, 63: 67, 64: 73, 65: 83, 66: 72, 67: 91, 68: 86, 69: 84, 70: 85, 71: 85, 72: 92, 73: 83, 74: 95, 75: 95, 76: 94, 77: 86, 78: 85, 79: 83, 80: 102, 81: 105, 82: 103, 83: 100, 84: 107, 85: 106, 86: 116, 87: 109, 88: 114, 89: 99, 90: 117, 91: 128, 92: 112, 93: 104, 94: 122, 95: 137, 96: 115, 97: 105, 98: 121, 99: 121, 100: 112}"
25,25,25,30,5,euclidean,"{'radius': 0.089126559714795, 'dim': 1, 'space': 'uniform'}",slav,1000,"{20: 28, 21: 21, 22: 26, 23: 28, 24: 30, 25: 43, 26: 30, 27: 53, 28: 36, 29: 38, 30: 52, 31: 59, 32: 50, 33: 61, 34: 57, 35: 57, 36: 54, 37: 57, 38: 60, 39: 58, 40: 79, 41: 90, 42: 67, 43: 77, 44: 84, 45: 87, 46: 84, 47: 94, 48: 89, 49: 94, 50: 98, 51: 104, 52: 101, 53: 115, 54: 106, 55: 119, 56: 115, 57: 127, 58: 116, 59: 130, 60: 134, 61: 137, 62: 120, 63: 130, 64: 146, 65: 155, 66: 138, 67: 157, 68: 154, 69: 144, 70: 158, 71: 173, 72: 179, 73: 172, 74: 172, 75: 184, 76: 174, 77: 150, 78: 189, 79: 183, 80: 178, 81: 191, 82: 186, 83: 185, 84: 186, 85: 229, 86: 213, 87: 192, 88: 198, 89: 194, 90: 192, 91: 198, 92: 239, 93: 194, 94: 217, 95: 212, 96: 225, 97: 234, 98: 223, 99: 221, 100: 244}"
26,26,26,30,5,euclidean,"{'radius': 0.089126559714795, 'dim': 1, 'space': 'uniform'}",seqslav,1000,"{20: 20, 21: 10, 22: 13, 23: 18, 24: 19, 25: 28, 26: 17, 27: 22, 28: 28, 29: 19, 30: 26, 31: 34, 32: 26, 33: 33, 34: 28, 35: 29, 36: 26, 37: 36, 38: 39, 39: 31, 40: 49, 41: 40, 42: 35, 43: 46, 44: 48, 45: 47, 46: 41, 47: 50, 48: 40, 49: 51, 50: 44, 51: 56, 52: 57, 53: 62, 54: 60, 55: 61, 56: 56, 57: 72, 58: 59, 59: 62, 60: 77, 61: 70, 62: 69, 63: 62, 64: 65, 65: 87, 66: 73, 67: 79, 68: 93, 69: 89, 70: 89, 71: 84, 72: 96, 73: 102, 74: 92, 75: 96, 76: 95, 77: 85, 78: 75, 79: 77, 80: 87, 81: 92, 82: 100, 83: 96, 84: 112, 85: 117, 86: 118, 87: 121, 88: 117, 89: 111, 90: 119, 91: 120, 92: 119, 93: 93, 94: 135, 95: 137, 96: 114, 97: 107, 98: 136, 99: 120, 100: 127}"
27,27,27,30,5,euclidean,"{'radius': 0.089126559714795, 'dim': 1, 'space': 'uniform'}",seqphragmen,1000,"{20: 41, 21: 36, 22: 27, 23: 36, 24: 41, 25: 47, 26: 49, 27: 51, 28: 56, 29: 44, 30: 38, 31: 53, 32: 57, 33: 53, 34: 53, 35: 47, 36: 66, 37: 68, 38: 81, 39: 64, 40: 70, 41: 78, 42: 75, 43: 74, 44: 79, 45: 80, 46: 84, 47: 76, 48: 75, 49: 92, 50: 81, 51: 93, 52: 96, 53: 93, 54: 92, 55: 93, 56: 113, 57: 102, 58: 101, 59: 104, 60: 107, 61: 112, 62: 104, 63: 101, 64: 107, 65: 131, 66: 114, 67: 139, 68: 125, 69: 133, 70: 133, 71: 120, 72: 129, 73: 144, 74: 135, 75: 149, 76: 132, 77: 127, 78: 114, 79: 122, 80: 138, 81: 150, 82: 145, 83: 135, 84: 156, 85: 167, 86: 175, 87: 161, 88: 158, 89: 160, 90: 164, 91: 162, 92: 166, 93: 141, 94: 173, 95: 176, 96: 169, 97: 152, 98: 175, 99: 158, 100: 169}"
28,28,28,30,5,euclidean,"{'radius': 0.089126559714795, 'dim': 1, 'space': 'uniform'}",rule-x-phase-1,1000,"{20: 93, 21: 197, 22: 209, 23: 161, 24: 147, 25: 138, 26: 220, 27: 218, 28: 176, 29: 172, 30: 141, 31: 251, 32: 257, 33: 229, 34: 197, 35: 179, 36: 258, 37: 259, 38: 262, 39: 218, 40: 211, 41: 312, 42: 275, 43: 286, 44: 265, 45: 232, 46: 341, 47: 300, 48: 305, 49: 262, 50: 256, 51: 344, 52: 333, 53: 328, 54: 315, 55: 301, 56: 381, 57: 346, 58: 338, 59: 332, 60: 289, 61: 410, 62: 381, 63: 350, 64: 336, 65: 341, 66: 396, 67: 395, 68: 392, 69: 347, 70: 345, 71: 419, 72: 404, 73: 398, 74: 365, 75: 354, 76: 440, 77: 409, 78: 387, 79: 390, 80: 379, 81: 449, 82: 451, 83: 404, 84: 428, 85: 400, 86: 472, 87: 447, 88: 447, 89: 411, 90: 429, 91: 484, 92: 482, 93: 444, 94: 436, 95: 434, 96: 480, 97: 457, 98: 489, 99: 454, 100: 433}"
29,29,29,30,5,euclidean,"{'radius': 0.089126559714795, 'dim': 1, 'space': 'uniform'}",rule-x,1000,"{20: 46, 21: 34, 22: 29, 23: 38, 24: 42, 25: 48, 26: 49, 27: 50, 28: 56, 29: 45, 30: 39, 31: 52, 32: 56, 33: 51, 34: 52, 35: 46, 36: 65, 37: 68, 38: 83, 39: 64, 40: 70, 41: 78, 42: 77, 43: 73, 44: 78, 45: 83, 46: 85, 47: 77, 48: 74, 49: 92, 50: 81, 51: 93, 52: 96, 53: 93, 54: 93, 55: 93, 56: 115, 57: 102, 58: 102, 59: 105, 60: 107, 61: 112, 62: 105, 63: 101, 64: 105, 65: 131, 66: 115, 67: 139, 68: 125, 69: 133, 70: 133, 71: 120, 72: 130, 73: 144, 74: 136, 75: 149, 76: 132, 77: 127, 78: 114, 79: 123, 80: 138, 81: 150, 82: 145, 83: 135, 84: 156, 85: 167, 86: 175, 87: 161, 88: 158, 89: 160, 90: 164, 91: 162, 92: 165, 93: 141, 94: 173, 95: 176, 96: 169, 97: 152, 98: 175, 99: 158, 100: 169}"
